avg_score,episode_count,frame_count,interval_lower,interval_upper,min,max
672.4,175,100000,388.447818917,956.352181083,98.0,1000.0
831.0,308,200000,635.340041775,1026.65995822,380.0,1000.0
