avg_score,episode_count,frame_count,interval_lower,interval_upper
0.1,343,20000,-0.126215716274,0.326215716274
0.3,635,40000,-0.0455502144049,0.645550214405
0.9,872,60000,0.188628400298,1.6113715997
1.2,1097,80000,-0.00648382012853,2.40648382013
3.4,1275,100000,0.28730681647,6.51269318353
4.8,1420,120000,3.0871222412,6.5128777588
4.7,1553,140000,2.41160318572,6.98839681428
6.8,1697,160000,3.00268920398,10.597310796
6.1,1820,180000,1.12725461241,11.0727453876
