avg_score,episode_count,frame_count,interval_lower,interval_upper
0.1,352,20000,-0.126215716274,0.326215716274
0.3,684,40000,-0.0455502144049,0.645550214405
0.4,1008,60000,0.0305912822202,0.76940871778
0.2,1325,80000,-0.101620955032,0.501620955032
0.6,1636,100000,0.23059128222,0.96940871778
0.6,1936,120000,-0.0911004288098,1.29110042881
0.5,2215,140000,0.12297380621,0.87702619379
1.7,2488,160000,1.11106625843,2.28893374157
0.7,2756,180000,0.111066258428,1.28893374157
